sentence1,sentence2,label
"Нян буюу бактери нь ямар нэгэн амьд бие махбодийн бий болгосон шим бодисоор хооллодог, ганц эстэй нүүдэллэдэг амьд бие юм.","Нян нь ганц эстэй, нүүдэллэдэг амьд бие бөгөөд шим бодисоор хооллодог.",1
"Нян нь тодорхой хэлбэр дүрстэй, өсөж үржих, удамшиж хувьсах чадвартай, эсийн ханатай, нэг эст, прокариотын бүлэгт хамаарах бичил биет юм.","Нян нь тодорхой хэлбэр дүрстэй, өсөж үржих, удамшиж хувьсах чадвартай, эсийн ханатай, нэг эст, прокариотын бүлэгт хамаарах бичил биет юм.",0
"Бактерийн эс нь 0,3-5 мкм хэмжээтэй.","Нян нь тодорхой хэлбэр дүрстэй, өсөж үржих, удамшиж хувьсах чадвартай, эсийн ханатай, нэг эст, прокариотын бүлэгт хамаарах бичил биет юм.",0
"Бактерийг микроскопоор 500-1000 дахин томруулан харахад бөмбөлөг /coccus/, савханцар /bacillus/, мушгиа /spiralis/ гэсэн 3 төрлийн хэлбэртэй харагддаг.","Бактерийг микроскопоор 500-1000 дахин томруулан харахад 3 төрлийн хэлбэртэй байдаг: бөмбөлөг /coccus/, савханцар /bacillus/, мушгиа /spiralis/.",1
"Бөмбөлөг(кокк) хэлбэртэй бактерийг хуваагдлын дараах байрлалаар нь нэрлэдэг.","Бөмбөлөг(кокк) хэлбэртэй бактерийг хуваагдлын дараах байрлалаар нэрлэдэг: монококк, диплококк, тетракокк, сарцин, стрептококк, стафилококк.",1
"Савханцар хэлбэрийн бактерийг байрлал, төгсгөл, голчийн хэмжээгээр нь ангилдаг.","Савханцар хэлбэрийн бактерийг байрлал, төгсгөл, голчийн хэмжээгээр ангилдаг.",1
"Мушгиа хэлбэрийн бактерийг вибрион, спирилл гэж ангилдаг.","Мушгиа хэлбэрийн бактерийг вибрион-мушгиа хэлбэртэй, спирилл-хэд хэдэн гогцоотой гэж ангилдаг.",1
"Капсултай бактерийн колони чийглэг, гялалзсан, наалдамхай байдаг.","Капсултай бактерийн колони нь чийглэг, гялалзсан, наалдамхай шинж чанартай байдаг.",1
"Капсул нь бактерийг эукариот эсээс хамгаалдаг.","Капсул нь бактерийг эукариот эсийн фагоцитозоос хамгаалдаг.",1
"Streptococcus pneumoniae капсулгүй үед уушгийг үрэвсүүлдэггүй.","Streptococcus pneumoniae капсулгүй үедээ уушгийг үрэвсүүлдэггүй.",0
"Капсул нь олон төрлийн гадарт наалддаг.","Капсул нь олон төрлийн гадарт наалддаг.",1
"Slime layer нь капсултай адил боловч эсийн ханатай нягт барьцалдаагүй.","Slime layer нь химийн бүрдлээрээ капсултай ижил боловч эсийн ханатай нягт барьцалдаагүй байдаг.",1
"Пептидогликан буюу муреин эсийн ханыг бүрдүүлдэг.","Пептидогликан буюу муреин нь эсийн ханыг бүрдүүлдэг.",1
"Эсийн хана нь пептидогликанаас бүрдэнэ, энэ нь хоёр төрлийн сахарын нэгдэл болон амин хүчил ордог.","Эсийн хана пептидогликанаас бүрддэг бөгөөд үүнд хоёр төрлийн сахарын нэгдэл болон амин хүчил ордог.",1
"Пептидогликаны нимгэн, зузаан; амин хүчил болон эсийн ханы бусад нэгдлээс хамааран бактерийн эсийн хана хоёр төрөл байна.","Пептидогликаны нимгэн болон зузаан төрлүүдийг амин хүчил болон эсийн ханы бусад нэгдлээс хамаарч ангилдаг.",1
"Грам эерэг бактерийн эсийн хана пептидогликаны давхаргатай, L-ala-D-glu-L-lys-D-ala тетрапептид агуулдаг.","Грам эерэг бактерийн эсийн хана пептидогликаны давхаргатай бөгөөд L-ala-D-glu-L-lys-D-ala тетрапептид агуулдаг.",1
"Грам сөрөг бактерийн эсийн хана пептидогликаны нимгэн давхаргатай, гадар мембрантай, ЛПС болон липопротейн агуулдаг.","Грам сөрөг бактерийн эсийн хана нь пептидогликаны нимгэн давхаргатай бөгөөд гадар мембрантай, ЛПС болон липопротейн агуулдаг.",1
"Грам эерэг бактерийн эсийн хананд тейхийн хүчил байдаг, рибит болон глициринтэй хоёр төрөлтэй.","Грам эерэг бактерийн эсийн хананд тейхийн хүчил байх бөгөөд рибит болон глициринтэй хоёр төрөлтэй байдаг.",1
"Грам сөрөг бактерийн эсийн хана фосфолипид, ЛПС, липопротейнийг агуулдаг бөгөөд периплазмын зайтай.","Грам сөрөг бактерийн эсийн хана фосфолипид, ЛПС, липопротейн агуулдаг бөгөөд периплазмын зайтай байдаг.",1
"ЛПС нь эсийн ханыг нэвтлэн гадагш цухуйж байрладаг.","ЛПС нь цитоплазмын мембранаас эхэлж, эсийн ханыг нэвтлэн гадагш цухуйж байрладаг.",1
"ЛПС-ийн полисахаридан хэсэг эсрэгтөрөгчийн шинжтэй, липид нь хорын идэвхтэй.","ЛПС-ийн полисахаридан хэсэг нь эсрэгтөрөгчийн шинжтэй бөгөөд липид нь хорын идэвхтэй байдаг.",1
"Липопротейн нь гадар мембраныг эсийн ханатай бэхлэнэ.","Липопротейн нь гадар мембраныг эсийн ханатай бэхлэдэг.",1
"Грам сөрөг бактерийн эсийн хананд порин, non-porin уургууд байна.","Грам сөрөг бактерийн эсийн хананд порин, non-porin уургууд байх бөгөөд үүнийг ялгах боломжтой.",1
"Грам сөрөг бактерийн эсийн хана пептидогликаны нимгэн давхаргатай, гадар мембрантай, ЛПС болон липопротейн агуулдаг.","Грам сөрөг бактерийн эсийн хана нь пептидогликаны нимгэн давхаргатай бөгөөд гадар мембрантай, ЛПС болон липопротейн агуулдаг.",1
"Цитоплазмын мембран, эсийн хана хооронд периплазмын зайтай.","Цитоплазмын мембран болон эсийн хана хооронд периплазмын зай байдаг.",1
"ЛПС нь цитоплазмын мембранаас эхэлж, эсийн ханыг нэвтлэн гадагш орон зайд цухуйж байрладаг.","ЛПС нь цитоплазмын мембранаас эхэлж, эсийн ханыг нэвтлэн гадагш орон зайд цухуйж байрладаг.",1
"ЛПС-ийн полисахаридан хэсэг эсрэгтөрөгчийн шинжтэй, липид нь хорын идэвхтэй, эндо-хор гэж нэрлэдэг.","ЛПС-ийн полисахаридан хэсэг нь эсрэгтөрөгчийн шинжтэй бөгөөд липид нь хорын идэвхтэй, эндо-хор гэж нэрлэгддэг.",1
"Липопротейн нь гадар мембраныг эсийн ханатай бэхлэнэ.","Липопротейн нь гадар мембраныг эсийн ханатай бэхлэдэг.",1
"Грам сөрөг бактерийн эсийн хананд порин, non-porin уургууд байна.","Грам сөрөг бактерийн эсийн хана нь порин болон non-porin уургуудыг агуулдаг.",1
"Цитоплазмын мембраны үндсэн бүтэц нь фосфолипид юм.","Цитоплазмын мембраны үндсэн бүтэц нь фосфолипидуудаас бүрддэг.",1
"Эубактерийн цитоплазмын мембранд стерол агуулагддаг тул арчебактерийн ЦМ-аас ялгаатай.","Эубактерийн цитоплазмын мембард стерол агуулагддаг бөгөөд энэ нь арчебактерийн ЦМ-аас ялгаатай байдаг.",1
"Фосфолипидийн хоёр давхарга нь тосны хүчил, глицерол, фосфатас тогтдог.","Фосфолипидийн хоёр давхарга нь тосны хүчил, глицерол, болон фосфатуудаас бүрддэг.",1
"Тосны хүчлээс тогтсон гидрофоб хэсэг нь цитоплазмын мембраны дотор давхаргыг бүрдүүлдэг.","Тосны хүчил агуулсан гидрофоб хэсэг нь цитоплазмын мембраны дотор давхаргыг бүрдүүлдэг.",1
"Цитоплазм руу болон эсийг хүрээлж буй орчин луу хандсан тал нь глицеролоос бүрдсэн, гидрофиль шинжтэй.","Цитоплазм болон эсийг хүрээлж буй орчин руу чиглэсэн тал нь глицеролоос бүрдэж, гидрофиль шинжтэй байдаг.",1
"Бактер гадаад орчноосоо энерги, эсийн бүрдэл хэсгүүдийн эх үүсвэр нэгдлүүдийг авдаг.","Бактер нь гадаад орчноос энерги болон эсийн бүрдэл хэсгүүдийн эх үүсвэрийг авдаг.",1
"Эдгээр макро нэгдлүүд молекул жингийнхээ улмаас эсийн хана, цитоплазмын мембранаар дамжин нэвтрэх чаддаггүй.","Эдгээр макро нэгдлүүд молекул жингийн улмаас эсийн хана болон цитоплазмын мембранаар дамжин нэвтрэх боломжгүй.",1
"Эдгээр нэгдлийг эсийн дотогш нэвтрүүлэхийн тулд цитоплазмын мембраны холбоот энзимээр мономер болж задладаг.","Эдгээр нэгдлийг эсийн дотор нэвтрүүлэхийн тулд цитоплазмын мембраны холбоот энзимүүд мономер болгон задлах шаардлагатай.",1
"Цитоплазмын мембраны шинж нь хагас нэвчимхий, сонгон нэвтрүүлэх чадвартай.","Цитоплазмын мембраны шинж нь хагас нэвчимхий бөгөөд сонгон нэвтрүүлэх чадвартай байдаг.",1
"Бактер бодисын солилцооны эх үүсвэр нэгдлүүдийг авахын зэрэгцээ, эсийн дотоод орчноос эцсийн бүтээгдэхүүн нэгдлүүдийг гадагшлуулдаг.","Бактер нь бодисын солилцооны эх үүсвэр нэгдлүүдийг авахын зэрэгцээ эсийн дотоод орчноос эцсийн бүтээгдэхүүнүүдийг гадагшлуулдаг.",1
"Бодис тээвэрлэгдэх явц үндсэн хоёр хэлбэртэй: идэвхгүй, идэвхтэй.","Бодисын тээвэрлэлт нь үндсэн хоёр хэлбэртэй: идэвхгүй болон идэвхтэй.",1
"Идэвхгүй хэлбэрийн тээвэрлэлтийн явцад энерги зарцуулдаггүй, түвшрүүлэг, концентрацийн зөрүү, градиентийн дагуу бодис шилждэг.","Идэвхгүй тээвэрлэлтийн үед энерги зарцуулдаггүй бөгөөд бодис нь түвшрүүлэг, концентрацийн зөрүү, градиентийн дагуу шилждэг.",1
"Идэвхгүй хэлбэрт идэвхгүй диффуз, осмос, хөнгөвчилсөн диффуз орно.","Идэвхгүй тээвэрлэлт нь идэвхгүй диффуз, осмос, болон хөнгөвчилсөн диффуз байдлаар хийгддэг.",1
"Цитоплазмын мембранаар тусгаарлагдсан эсийн гадна ба дотоод орчны хооронд бодис их концентрацитай талаасаа бага концентрацитай тал руу шилжинэ.","Цитоплазмын мембранаар тусгаарлагдсан эсийн гадна ба дотоод орчны хооронд бодис их концентрацитай талаасаа бага концентрацитай тал руу шилждэг.",1
"Бактерийн цитоплазмын мембранаар зарим сахар (глюкоз), амин хүчил (трифтофан) энэ хэлбэрээр эсийн дотогш нэвтэрдэг.","Бактерийн цитоплазмын мембранаар зарим сахар (жишээ нь, глюкоз) болон амин хүчил (жишээ нь, трефтофан) энэ хэлбэрээр эсийн дотор нэвтэрдэг.",1
"Гэвч энэ явц маш удаан.","Гэвч энэ процесс нь маш удаан явагддаг.",1
"Усанд ууссан нэгдлийн концентрацийн зөрүүгээс хамааран цитоплазмын мембранаар ус шилждэг.","Цитоплазмын мембранаар ус шилжих нь усанд ууссан нэгдлийн концентрацийн зөрүүгээс хамаардаг.",1
"Усанд ууссан эдгээр нэгдлүүд цитоплазмын мембраныг давж чадахгүй нэгдэл байдгаас ус бодис их концентрацитай байгаа тал руу нэвтэрдэг.","Усанд ууссан эдгээр нэгдлүүд нь цитоплазмын мембраныг давж чадахгүй тул ус их концентрацитай тал руу шилжинэ.",1
"Бодис хөнгөвчилсөн диффузээр тээвэрлэгдэх явц эукариот эсэд түгээмэл.","Хөнгөвчилсөн диффузээр бодисын тээвэрлэлт эукариот эсүүдэд нийтлэг байдаг.",1
"Зарим бактерт глицерол энэ хэлбэрээр зөөгддөг.","Зарим бактерийн хувьд глицерол хөнгөвчилсөн диффуз хэлбэрээр тээвэрлэгддэг.",1
"Бодис их концентрацитай байгаа орчноос бага концентрацитай байгаа орчин руу шилжихэд хөнгөвлөгч уураг, facilitator protein оролцоно.","Бодис их концентрацитай орчноос бага концентрацитай орчин руу шилжихэд хөнгөвлөгч уураг буюу facilitator protein оролцдог.",1
"Бодис идэвхтэй хэлбэрээр тээвэрлэгдэх явц концентрацийн градиентийн эсрэг энерги зарцуулан явагддаг.","Идэвхтэй тээвэрлэлт нь концентрацийн градиентийн эсрэг энерги зарцуулан явагддаг.",1
"Идэвхтэй зөөвөрлөлт, групп транслокаци, холбогч уургаар тээвэрлэгдэх, цитоз гэсэн хэлбэрүүдтэй.","Идэвхтэй тээвэрлэлт нь идэвхтэй зөөвөрлөлт, групп транслокаци, холбогч уургаар тээвэрлэгдэх, болон цитоз зэрэг хэлбэрүүдтэй байдаг.",1
"Бодис их концентрацитай байгаа орчин луу энерги зарцуулан, холбогч уургийн тусламжтай зөөгдөнө.","Бодис их концентрацитай орчин руу энерги зарцуулж, холбогч уургийн тусламжтайгаар зөөгддөг.",1
"Энэ явцын їед зарцуулагдах энерги АТФ-ын гидролиз, протон хөдөлгөгч хүч, protonmotive force - ээс үүсдэг.","Энэ явцад зарцуулагдах энерги нь АТФ-ын гидролиз болон протон хөдөлгөгч хүч (proton motive force) - ээс үүсдэг.",1
"Бактер протон хөдөлгөгч хүчийг бодис идэвхтэй хэлбэрээр тээвэрлэхдээ ашигладаг.","Бактер бодис идэвхтэй хэлбэрээр тээвэрлэхдээ протон хөдөлгөгч хүчийг ашигладаг.",1
"Эсийн гадаад орчинд протон буюу устөрөгчийн ион хуримтлагдсанаас үүсч байгаа энергийг протон хөдөлгөгч хүч гэдэг.","Эсийн гадаад орчинд протон буюу устөрөгчийн ион хуримтлагдсанаас үүссэн энергийг протон хөдөлгөгч хүч гэж нэрлэдэг.",1
"Эсийн гадаад орчинд устөрөгчийн болоод бусад нэмэх цэнэгтэй ион хуримтлагдах нь эсийн дотоод орчин луу нэмэх цэнэгтэй ионууд шилжихийг дэмжих нөхцөл болохын хамт хасах цэнэгтэй фосфат, сульфат ионууд протоныг холбосон пермеазад нэгдэн зэрэг symport зөөгддөг.","Эсийн гадаад орчинд устөрөгчийн болон бусад нэмэх цэнэгтэй ион хуримтлагдах нь дотоод орчин руу нэмэх цэнэгтэй ионууд шилжихийг дэмжих нөхцөл болдог. Хасах цэнэгтэй фосфат, сульфат ионууд протоныг холбосон пермеазаар нэгдэн symport хэлбэрээр зөөгддөг.",1
"Холбогч уураг буюу пермеаза нь зөвхөн нэг төрлийн бодисыг тээвэрлэдэг бол uniporter, нэг бус төрлийн бодисыг холбон зөөж байвал хамсруулан зөөгч, co-transporter гэдэг.","Холбогч уураг буюу пермеаза нь зөвхөн нэг төрлийн бодисыг тээвэрлэдэг бол uniporter, олон төрлийн бодисыг холбон зөөж байвал хамсруулан зөөгч буюу co-transporter гэж нэрлэдэг.",1
"Тvvнчлэн хоёр бодис нэг чиглэлд зэрэг зөөгдөж байвал symport: Н+, лактозтай зэрэг эсийн гадаад орчноос дотогш тээвэрлэгддэг.","Хоёр бодис нэг чиглэлд зэрэг зөөгдөж байвал symport гэж нэрлэдэг. Жишээ нь, Н+ болон лактоз зэрэг эсийн гадаад орчноос дотогш тээвэрлэгддэг.",1
"Нэг цаг хугацаанд эсрэг чиглэлд хоёр бодис шилжихийг antiport гэж нэрлэдэг.","Нэг цаг хугацаанд эсрэг чиглэлд хоёр бодис шилжихийг antiport гэж нэрлэдэг.",1
"Жишээлбэл Na+ эсийн гадаад орчин луу шилжихэд H+ дотоод орчин луу зөрөн зөөгддөг.","Жишээлбэл, Na+ эсийн гадаад орчин руу шилжихэд H+ дотоод орчин руу эсрэг чиглэлд зөөгддөг.",1
"Phosphoenolpyruvate : Phosphotransferase System, буюу PEP:PTS-ийн тусламжтай бодис мембранаар дамжих явцад зөөгдөж буй бодист фосфат нэмэгдэн, химийн хувиралд орж шилжихийг групп транслокаци гэдэг.","Phosphoenolpyruvate : Phosphotransferase System буюу PEP:PTS системийн тусламжтай бодис мембранаар дамжих явцад зөөгдөж буй бодист фосфат нэмэгдэн химийн хувиралд орж шилжихийг групп транслокаци гэж нэрлэдэг.",1
"Прокариот эсэд бодис групп транслокацаар тээвэрлэгдэх түгээмэл.","Прокариот эсэд бодис групп транслокацаар тээвэрлэгдэх нь түгээмэл байдаг.",1
"Тухайлбал карбогидрат, тосны хүчил, нуклейн хүчлийн нийлэгжилд оролцдог зарим нэгдлүүд фосфоенолпируват:фосфотрансфераза системээр зөөгддөг.","Жишээлбэл, карбогидрат, тосны хүчил, нуклейн хүчлийн нийлэгжилд оролцдог зарим нэгдлүүд фосфоенолпируват:фосфотрансфераза системээр зөөгддөг.",1
"E.coli-д гадаад орчноос глюкоз PEP : PTS -ээр зөөгдөхдөө эсийн дотоод орчинд глюкоз-6 фосфат болон хувирч ордог.","E.coli-д гадаад орчноос глюкоз PEP:PTS системээр зөөгдөхдөө эсийн дотоод орчинд глюкоз-6 фосфат болгон хувирдаг.",1
"Агааргүйтэн бактерт карбогидрат мембранаар фосфоржин зөөгдөхийн хамт энерги үүсгэх солилцооны эхлэлийн шат болдог тул энерги хэмнэдэг.","Агааргүйтэн бактерт карбогидрат мембранаар фосфоржин зөөгдөх нь энерги үүсгэх солилцооны эхлэлийн шат болдог тул энерги хэмнэдэг.",1
"Харин агаартан бактерийн мембранаар бодис идэвхтэй тээвэрлэлтээр дамждаг.","Агаартан бактерийн мембранаар бодис идэвхтэй тээвэрлэлтээр дамждаг.",1
"PEP:PTS систем хэд хэдэн энзимтэй, олон шатаас бїрддэг.","PEP:PTS систем нь хэд хэдэн энзимтэй, олон шаттай байдаг.",1
"Фосфоенолпируват, PEP-аас фосфатын групп бага молекул жинтэй, гистидин агуулсан уураг, HPr-т шилждэг.","Фосфоенолпируват (PEP) -аас фосфатын групп бага молекул жинтэй, гистидин агуулсан уураг HPr-т шилждэг.",1
"Энэ явцад энзим I катализатор, хурдасгуур болдог.","Энзим I нь энэ явцад катализатор, хурдасгуур болдог.",1
"Фосфоржсон HPr- аас фосфатын групп нь энзим III-д шилжиж, цааш энзим III нь фосфатын группыг мембрантай холбоот пермеаза буюу энзим II-д зөөнө.","Фосфоржсон HPr-аас фосфатын групп нь энзим III-д шилжиж, энзим III нь фосфатын группыг мембрантай холбоот пермеаза буюу энзим II-д зөөнө.",1
"Групп транслокацийн эцсийн шатанд энзим II-ийн фосфатын групп бодист нэгдэхийн зэрэгцээ мембраныг дамжин нэвтлэнэ.","Групп транслокацийн эцсийн шатанд энзим II-ийн фосфатын групп бодист нэгдэхийн зэрэгцээ мембраныг дамжин нэвтэрдэг.",1
"Глюкозтай адил моносахарууд жишээ нь фруктоз PEP:PTS-ээр зөөгддөг.","Глюкозтой адил моносахарууд, жишээлбэл, фруктоз PEP:PTS системээр зөөгддөг.",1
"Бусад нэгдэл жишээлбэл маннитол групп транслокацаар тээгдэхэд энзим II-ыг HPr шууд фосфоржуулдаг.","Бусад нэгдлүүд, жишээлбэл, маннитол групп транслокацаар тээгдэхдээ энзим II-ыг HPr шууд фосфоржуулдаг.",1
"PEP:PTS-ийн зарим бүрдэл тодорхой нэгдлийн тээвэрлэлтэнд оролцдог өвөрмөц шинжтэй байх.","PEP:PTS системийн зарим бүрдэл тодорхой нэгдлийн тээвэрлэлтэнд оролцдог өвөрмөц шинжтэй байдаг.",1
"Энзим I, HPr өвөрмөц бус шинжтэй.","Энзим I, HPr нь өвөрмөц бус шинжтэй байдаг.",1
"E.coli-ийн энзим I, HPr-ийн генийн мутацийн улмаас групп транслокацаар зөөгддөг нэгдлүүдийн тээвэрлэлт саатдаг бол глюкоз, глюкозамин, 2-деоксиглюкозын тээвэрлэлтэнд үүрэгтэй энзим II-ын генд мутаци болоход зөвхөн эдгээр нэгдлийн мембранаар зөөгдөх явц алдагдана.","E.coli-ийн энзим I, HPr-ийн генийн мутацийн улмаас групп транслокацаар зөөгддөг нэгдлүүдийн тээвэрлэлт саатдаг бол, глюкоз, глюкозамин, 2-деоксиглюкозын тээвэрлэлтэнд үүрэгтэй энзим II-ын генд мутаци гарахад зөвхөн эдгээр нэгдлийн мембранаар зөөгдөх явц алдагдана.",1
"Холбогч уургаар бодис тээвэрлэгдэх нь зөвхөн грам сөрөг нянд тохиолддог.","Холбогч уургаар бодис тээвэрлэлт нь зөвхөн грам сөрөг нянд тохиолддог.",1
"Грам сөрөг нянгийн гадар мембран дах порин уургууд гадар мембранаар бодис нэвтрэх нөхцлийг бvрдvvлнэ.","Грам сөрөг нянгийн гадар мембраны порин уургууд гадар мембранаар бодис нэвтрэх нөхцлийг бүрдүүлдэг.",1
"Гадар болоод цитоплазмын мембран хоорондын зайг периплазмын завсар гэдэг.","Гадар болон цитоплазмын мембран хоорондын зайг периплазмын завсар гэж нэрлэдэг.",1
"E.coli-ийн гадар мембраны LamB уураг мальтоз эсийн гадаад орчноос периплазмын завсарт шилжихэд оролцоно.","E.coli-ийн гадар мембраны LamB уураг нь мальтозыг эсийн гадаад орчноос периплазмын завсарт шилжүүлэхэд оролцдог.",1
"Периплазмын завсарт мальтозыг холбогч уургаар зөөнө.","Периплазмын завсарт мальтозыг холбогч уургаар зөөвөрлөдөг.",1
"Холбогч уурагтай нэгдэн, цааш цитоплазмын мембраныг нэвтлэхэд пермеазагийн үүрэгтэй MalF, MalG, АТФ-аас энерги чөлөөлдөг MalK уургууд оролцоно.","Холбогч уурагтай нэгдэж, цааш цитоплазмын мембраныг нэвтлэхэд MalF, MalG, MalK уургууд үүрэг гүйцэтгэдэг, тэдгээрийн MalK уураг АТФ-аас энерги чөлөөлдөг.",1
"Харьцангуй том хэмжээтэй нэгдэл эукариот эсийн дотогш эсвэл гадаад орчин луу цитоплазмын мембраны тусламжтайгаар шилждэг.","Харьцангуй том хэмжээтэй нэгдэл эукариот эсийн дотоод эсвэл гадаад орчин руу цитоплазмын мембраны тусламжтайгаар шилждэг.",1
"Эсээс бодис гадагш шилжихийг экзоцитоз гэж нэрлэдэг.","Эсээс бодис гадагш шилжих үйл явцыг экзоцитоз гэж нэрлэдэг.",1
"Эсийн дотоод орчинд мембраны гаралтай хvvдий, vesicle vvсгэн орж байгааг эндоцитоз гэх бөгөөд өвөрмөц жишээ нь фагоцитоз юм.","Эсийн дотоод орчинд мембраны гаралтай хvvдий буюу vesicle үүсгэн орж байгааг эндоцитоз гэж нэрлэдэг, үүнээс өвөрмөц жишээ нь фагоцитоз юм.",1
"Зарим нэгдэл (вирус) эсийн гадар дах рецепторт нэгдэн эндоцитоз явагддаг.","Зарим нэгдэл, жишээ нь вирус нь эсийн гадаргын рецепторт нэгдэн эндоцитоз үйл явц явагддаг.",1
"Энэ тохиолдлыг рецептороор дамжсан эндоцитоз, receptor-mediated endocytosis гэнэ.","Энэ явцыг рецептороор дамжсан эндоцитоз буюу receptor-mediated endocytosis гэж нэрлэдэг.",1
"Флагелла нь бактерийн бүрхүүлээс гадагш орон зайд цухуйж байрласан, хөдөлгөөний үүрэгтэй утаслаг бүтэц.","Флагелла нь бактерийн бүрхүүлээс гадагш орон зайд цухуйж байрлах, хөдөлгөөний үүрэгтэй утаслаг бүтэцтэй.",1
"Филамент буюу утаслаг , гогцоо, суурь бие, basal body гэсэн гурван хэсэгтэй.","Филамент буюу утаслаг, гогцоо, суурь бие гэсэн гурван хэсэгтэй.",1
"Бактерийн цитоплазмын мембранаас суурь бие эхлэнэ.","Бактерийн цитоплазмын мембранаас суурь бие эхэлдэг.",1
"Суурь бие саваа маягийн бүтэц түүнийг хүрээлсэн, цагиргуудаас тогтоно.","Суурь бие нь саваа маягийн бүтэцтэй, цагиргуудаас бүрддэг.",1
"Грам сөрөг нянд гадар мембраны хэсэгт хоёрдогч багц цагираг байна.","Грам сөрөг нянд гадар мембраны хэсэгт хоёрдогч цагираг багц байдаг.",1
"Суурь биеэс дэгээ хэлбэртэй гогцоо эхэлж, филаментад шилждэг.","Суурь биеэс дэгээ хэлбэртэй гогцоо эхэлж, филаментад шилждэг.",1
"Филамент флагеллин уургийн хэд хэдэн гинжээс бүрдэнэ.","Филамент нь флагеллин уургийн хэд хэдэн гинжээс бүрддэг.",1
"Флагелла байрлалаараа ялгаатай тул бактерийг ялган дүйх шинжийн нэг үзүүлэлт болдог.","Флагелла байрлалаараа ялгаатай байснаар бактерийг ялган дүйх шинжийн нэг үзүүлэлт болдог.",1
"Бактерийн шилбүүрийг байрлалаар нь: А. Перитрихи- Бактерийн эсийн эргэн тойронд байна. (Enterobacter, Bacillaceae)","Бактерийн шилбүүрийг байрлалаар нь ангилж болно: А. Перитрихи- Бактерийн эсийн эргэн тойронд байрладаг. (Enterobacter, Bacillaceae)",1
"Бактерийн шилбүүрийг байрлалаар нь: Б. Монотрихи- Нэг шилбүүртэй. (Vibrio)","Бактерийн шилбүүрийг байрлалаар нь ангилж болно: Б. Монотрихи- Нэг шилбүүртэй. (Vibrio)",1
"Бактерийн шилбүүрийг байрлалаар нь: В. Амфитрихи- Хоёр туйлд байрласан багц шилбүүр. (Spirillum)","Бактерийн шилбүүрийг байрлалаар нь ангилж болно: В. Амфитрихи- Хоёр туйлд байрласан багц шилбүүр. (Spirillum)",1
"Бактерийн шилбүүрийг байрлалаар нь: Г. Лофотрихи- Нэг туйлд байрласан багц шилбүүр (Pseudomonas) гэж ангилдаг.","Бактерийн шилбүүрийг байрлалаар нь ангилж болно: Г. Лофотрихи- Нэг туйлд байрласан багц шилбүүр. (Pseudomonas)",1
"Бактерийн перитрих байрлалтай шилбүүр цагийн зvvний эсрэг 1-2 секундын хугацаатай эргэлдэхэд бактер шулуун гүйх хөдөлгөөнийг хийнэ.","Бактерийн перитрих байрлалтай шилбүүр 1-2 секундын хугацаанд цагийн зүүн зүг рүү эргэлдэж, шулуун хөдөлгөөн хийхэд чиглэлээ өөрчилдөг.",1
"Бактерийн перитрих байрлалтай шилбүүр цагийн зvvний эсрэг 1-2 секундын хугацаатай эргэлдэхэд бактер шулуун гүйх хөдөлгөөнийг хийнэ.","Бактерийн шилбүүр 0.1-0.2 секундын хугацаанд цагийн зүүн зүг рүү эргэлдэхэд байрандаа өнхрөх хөдөлгөөн хийдэг.",1
"Бактерийн перитрих байрлалтай шилбүүр 0.1-0.2 секундын хугацаатай цагийн зvvний дагуу эргэлдэхэд байрандаа өнхрөх хөдөлгөөн хийхэд чиглэл өөрчлөгддөг.","Бактерийн шилбүүр 1-2 секундын хугацаатай цагийн зүүн зүг рүү эргэлдэж, шулуун хөдөлгөөн хийхэд чиглэлээ өөрчилдөг.",1
"Шилбүүрийн эргэлдэх чигийг хянадаг систем бактерт бий. Үүнд: фосфотрансфераза тээвэрлэлтийн системийн энзимII, цитоплазмын мембран дах гэрэл болон хүчилтөрөгчийн рецептор, периплазмын завсар дах холбогч уургууд шилбүүрийн эргэлтийн чигд нөлөөлдөг.","Бактерийн перитрих байрлалтай шилбүүрийн хөдөлгөөн нь энзим II, цитоплазмын мембран дах рецепторууд болон периплазмын завсарт байрлах уургуудын нөлөөгөөр хянагддаг.",1
"Шилбүүрийн эргэлдэх чигийг хянадаг систем бактерт бий. Үүнд: фосфотрансфераза тээвэрлэлтийн системийн энзимII, цитоплазмын мембран дах гэрэл болон хүчилтөрөгчийн рецептор, периплазмын завсар дах холбогч уургууд шилбүүрийн эргэлтийн чигд нөлөөлдөг.","Бактерийн шилбүүр цагийн зүүн зүг рүү 1-2 секундын хугацаанд эргэлдэж, чиглэлээ өөрчилдөг бөгөөд энзим II, рецепторууд эргэлтийн чигийг хянадаг.",1
"Бактерийн перитрих байрлалтай шилбүүр 0.1-0.2 секундын хугацаатай цагийн зvvний дагуу эргэлдэхэд байрандаа өнхрөх хөдөлгөөн хийхэд чиглэл өөрчлөгддөг.","Бактерийн гадаад орчны нөхцөлд шилбүүрийн чиглэлийн өөрчлөлт үүсдэггүй бөгөөд хөдөлгөөн нь ээлжлэн шулуун ба өнхрөх хөдөлгөөнөөр тогтмол үргэлжилдэг.",0
"Бактерийн перитрих байрлалтай шилбүүр 1-2 секундын хугацаанд цагийн зүүн зүг рүү эргэлдэж, шулуун хөдөлгөөн хийхэд чиглэлээ өөрчилдөг.","Бактерийн шилбүүр 1-2 секундын хугацаанд эргэлдэж, ээлжлэн шулуун ба өнхрөх хөдөлгөөнөөр чиглэлээ өөрчилж хөдөлдөг.",1
"Цочролын зүг чиглэн ойртоход шулуун хөдөлгөөний үргэлжлэх хугацаа урт, өнхрөлтийн хугацаа богино байдаг бол зугатан зайлахад гүйлтийн хугацаа богиносдог.","Бактерийн шилбүүрийн хөдөлгөөн нь цочролын зүг чиглэн ойртоход хурдтай, зугатахад удаан хөдөлгөөн хийдэг.",1
"Бактерийн химийн цочрол буюу бодисын зүг ойртох эсвэл түүнийг орхих үйлдлийг химотаксис гэдэг.","Химотаксис гэдэг нь бактерийн бодисын зүг ойртох эсвэл зугатах хөдөлгөөнийг илэрхийлдэг.",1
"Бактерийн химийн цочрол буюу бодисын зүг ойртох эсвэл түүнийг орхих үйлдлийг химотаксис гэдэг.","Бактерийн химийн цочролыг таньж, шилбүүрт дамжуулах систем нь концентрацийг харьцуулах үйлдлийг хийнэ.",0
"Бактер цитоплазмын мембран дах санах системээрээ химийн цочролын одоо байгаа концентрацийг урдах орчинд байсан концентрацитай нь харьцуулан таньж, дохиоллыг шилбүүрт дамжуулна.","Бактерийн химийн цочролын концентрацийг харьцуулах систем нь бодисын чиглэлийг мэдрэхэд оролцдог.",1
"Бактерийн химийн цочролын одоо байгаа концентрацийг урдах орчинд байсан концентрацитай харьцуулан таньж, шилбүүрт дамжуулна.","Бактерийн химийн цочролын тогтмол концентрацийг таньж, шилбүүрт дамжуулах систем нь концентрацийг харьцуулдаг.",1
"Бактерийн химийн цочролыг мэдрэн, хариу хөдөлгөөн хийдэг.","Бактерийн химийн цочролын хариу хөдөлгөөн нь химоаттрактант эсвэл химорепеллент бодисын хариу үйлдэл гэж нэрлэгддэг.",1
"Химотаксис нь бодисоос зугатах эсвэл ойртох хөдөлгөөн юм.","Бактерийн химийн цочролд эерэг ба сөрөг химотаксис хамаарна.",1
"Бактер магнетосом гэх уурган нимгэн бүрхүүлтэй, соронзон төмрийн оксид (Fe3O4)-ыг агуулж, магнетотаксис хийдэг.","Бактер магнетосом нь соронзон талбайд татагдсан хөдөлгөөнтэй байдаг.",1
"Бактер магнетосом гэх уурган нимгэн бүрхүүлтэй, соронзон төмрийн оксид (Fe3O4)-ыг агуулж, магнетотаксис хийдэг.","Бактерийн хөдөлгөөний төрлүүд нь химотаксис ба фототаксис гэсэн төрөлд хамаарна.",0
"Гэрлийн эрчмийн ялгааг мэдрэн, хийж байгаа хөдөлгөөнийг фототаксис гэдэг.","Бактерийн фототаксис гэдэг нь гэрлийн ялгааг мэдрэн хөдөлгөөн хийх явцыг илэрхийлдэг.",1
"Усны бактер устөрөгчийн хийтэй вакуоль үүсгэн жингээ тааруулах замаар, фотосинтез явагдах тохиромжтой усны баганын түвшинд шилжин байршдаг.","Бактерийн фотосинтезийн үйлдлийг усны баганын түвшинд жингээ тааруулж хийх явцыг илэрхийлдэг.",1
"Бактерийн эс гликокаликс гэх бүтэцээр хүрээлэгдсэн байдаг.","Гликокаликс нь бактерийн эсүүдийг хооронд холбон эсийн агрегат үүсгэхэд оролцдог.",1
"Гликокаликс нь бактерийн эсийн гадаргууг хүлээж, салаалж орооцолдсон поли-сахаридын утаслагуудаас бүрддэг.","Гликокаликс нь эсийн агрегат үүсгэхэд оролцдог, холбогч бүтэцтэй байдаг.",1
"Гликокаликс нь эсийн агрегат үүсгэхийн зэрэгцээ зарим бактер хатуу гадарт холбогдоход оролцдог.","Гликокаликс нь колонийн эсүүдийг хооронд холбох үүрэгтэй бүтэц юм.",1
"Гликокаликс эсүүдийг хооронд холбон эсийн агрегат үүсгэхийн зэрэгцээ зарим бактер хатуу гадарт холбогдоход оролцдог.","Гликокаликс нь холбогч давхарга бөгөөд усны баганын түвшинд шилжихэд оролцдог.",0
"Бактерийн эсээс гадагш цухуйсан, шулуун, үс мэт бүтэцтэй пили нь пилин гэх нэгжээс гадна фосфат, карбогидрат агуулсан байдаг.","Пили гэдэг нь бактерийн эсээс гадагш цухуйсан, үс мэт бүтэцтэй бөгөөд пилин, фосфат, карбогидрат агуулдаг.",1
"Пили нь бактерийн эсээс гадагш цухуйсан, шулуун бүтэцтэй бөгөөд пилин, фосфат, карбогидрат агуулсан байдаг.","Пили нь олон төрлийн бүтэцтэй бөгөөд зарим нь донор реципиент хооронд холбогдож, зарим нь эзэн эсэд наалдахад оролцдог.",0
"F пили нь донор бактерийн эсээс реципиент бактерийн эсэд холбогдож, ДНХ-ийн хэсэг дамжуулах гүүр үүсгэдэг.","F пили нь удмын мэдээлэл солилцох үед донор болон реципиент бактерийн эсүүдийн хооронд холболт үүсгэдэг.",1
"F пили нь донор бактерийн эсээс реципиент бактерийн эсэд холбогдож, ДНХ-ийн хэсэг дамжуулдаг.","F пили нь удмын мэдээллийг солилцохдоо ДНХ-ийн хэсгийг дамжуулах зориулалттай гүүр үүсгэдэг.",1
"Пили нь бактериофагийн зарим төрлийн үйл ажиллагаанд оролцдог.","Пили зарим бактериофагийн бүтэцтэй холбоотой үүрэг гүйцэтгэдэг.",1
"Фимбри нь пилид өөр хариуцлага үүрэгтэй бөгөөд эзэн эсэд наалдахад оролцдог.","Фимбри нь бактерийн эсийн гадаргуу дээр наалдах үүрэгтэй пилид тохирох нэршил юм.",1
"Фимбри гэдэг нь пилийн өөр төрлийн үүрэгтэй, эзэн эсэд наалдахад оролцдог.","Пили нь бүх тохиолдолд донор болон реципиент бактерийн хооронд удмын мэдээлэл солилцох үүрэгтэй байдаг.",0
"Пили нь бактериудын хооронд үүсдэг холбоос бөгөөд удмын мэдээллийг солилцох үүрэгтэй.","Пили нь бактерийн хооронд холболт үүсгэх үүрэгтэй бөгөөд зарим тохиолдолд эзэн эсэд наалдахад оролцдог.",1
"Бактерийн удмын мэдээллийг нэг хромосом агуулах бөгөөд цагираг тогтоцтой ДНХ-ийн нэг молекулаас бүрдэнэ.","Бактерийн генетик мэдээллийг нэг цагираг ДНХ молекулаар илэрхийлдэг бөгөөд энэ нь хромосомын бүтцээс бүрддэг.",1
"E. coli-ийн ДНХ нь 4.7 х 10^6 хос нуклеотидтай.","E. coli-ийн геном нь 4.7 сая хос нуклеотид агуулдаг.",1
"Бактерийн ДНХ эсийн цитоплазмд орших бөгөөд зарим хэсэг нь ЦМ-тай холбоотой байна.","Бактерийн ДНХ нь эсийн цитоплазмд байж, зарим хэсэг нь эсийн мембранаар холбоотой байдаг.",1
"ДНХ-ийн утаслагын эрчлэгдээгүй хэлбэрийн урт 1мм бөгөөд эрчлэгдсэн хэлбэр нь 1мкм хэмжээтэй.","Эсийн дотор ДНХ-ийн урт нь эрчлэгдээгүй үед 1мм, эрчлэгдсэн үед 1мкм байдаг.",1
"Бактерийн хромосомын ДНХ-д гистоны уураг байдаггүй.","Бактерийн хромосом дахь ДНХ нь гистоны уургүй байдаг.",1
"Бактерийн хромосомд ДНХ-ийн репликаци, транскрипцийн явц болон генийн экспресстэй холбоотой уургууд байдаг.","Бактерийн хромосом нь ДНХ-ийн репликаци, транскрипц, болон генийн экспрессийн уургуудыг агуулдаг.",1
"Бактерийн хромосомын репликаци эсийн хуваагдалтай холбоотой явагддаг.","Бактерийн хромосомын ДНХ репликаци нь эсийн хуваагдалтай холбоотой процесс юм.",1
"Бактерийн эс хуваагдаж, эх эсээс хоёр шинэ эс бий болох замаар үрждэг.","Бактерийн эс нь хуваагдаж, шинэ хоёр эс үүсгэж үрждэг процесс нь генетикийн мэдээллийг өвлүүлдэг.",1
"Эс тус бүр удмын мэдээллийг өвлөн авдаг учраас ДНХ- ийн репликаци дуусч, эс хуваагдахад ЦМ, эсийн хана дотогш тїрэн бий болдог септум vvсэх явцыг зохицуулдаг генийн экспресс явагдана.","Эс хуваагдах үед ДНХ репликаци дуусаж, шинэ эсүүд бий болох явцад септум үүсгэж, эсийн мембраны болон ханы бүтцийн процесс зохицуулагдана.",1
"ДНХ-ийн эрчлэлтийн зэрэг бактерийн генетик мэдээллийн урт хэмжээг харуулдаг.","ДНХ-ийн эрчлэлт нь бактерийн генетик мэдээллийн урттай холбоотой.",0
"Бактерийн хромосомд ДНХ репликацийн хяналтаас гадна гистоны уургууд оршдог.","Бактерийн хромосом дахь ДНХ-ийн репликаци болон гистоны уургуудын үүрэг ялгагдахгүй байдаг.",0
"Бактерт хромосомоос гадна цагираг тогтоцтой нэг ба хэд хэдэн ДНХ-ийн молекул байна.","Бактерийн эсүүдэд хромосомын гадна цагираг хэлбэртэй нэг эсвэл хэд хэдэн ДНХ молекул оршдог.",1
"Бактерийн плазмид хромосомын 5-10%-тай тэнцэх хэмжээтэй боловч агуулж байгаа нэмэлт мэдээлэл нь удмын мэдээлэл солилцох, хор үүсгэх, антибиотек хүнд металлын давсанд тэсвэртэй байх шинжийг тодорхойлдог.","Бактерийн плазмид нь хромосомоос 5-10% хэмжээтэй бөгөөд удамшлын мэдээлэл, хор үүсгэх чадвар, антибиотек болон хүнд металлын тэсвэртэй байдлыг тодорхойлдог.",1
"Плазмидын хэмжээ жижиг, репликаци нь хромосомоос хамааралгүй явагддаг, эс хооронд дамждаг шинжийг нь үндэслэн генийн инженерийн судлагаанд түгээмэл хэрэглэдэг.","Плазмид нь жижиг хэмжээтэй, хромосомоос хамааралгүйгээр репликацлагддаг ба эс хооронд дамжих шинжтэй тул генийн инженерчлэлд өргөн хэрэглэгддэг.",1
"Рибосом цитоплазмд байдаг, уураг, рибосомын РНХ, рРНХ-ээс бүрддэг органелл юм.","Рибосом нь цитоплазмд байрлах, уураг, рибосомын РНХ (рРНХ) агуулсан органелл юм.",1
"Прокариот эсийн рибосомын хоёр дэд нэгж Mg++ ионы оролцоотой энерги зарцуулан хоорондоо нэгдэж, уураг нийлэгжүүлэх идэвхтэй болдог.","Прокариотын рибосом нь хоёр дэд нэгжтэй, Mg++ ионы тусламжтайгаар энерги зарцуулан нэгдэж, уураг нийлэгжүүлдэг.",1
"ДНХ дэх уургийн мэдээллийг хуулбарласан мРНХ рибосом дээр уураг нийлэгжих явцад оролцдог.","ДНХ-ийн уургийн мэдээллийг мРНХ хуулбарлан рибосом дээр уураг нийлэгжих процессэд оролцдог.",1
"Бактерийн плазмид нь рибосомын үйл ажиллагааг зохицуулдаг.","Плазмид нь рибосомын үйл ажиллагаанд нөлөөлдөг гэж хэлж болохгүй, учир нь плазмид нь хромосомоос өөр мэдээлэл агуулдаг.",0
"Рибосом нь хромосомын бүтэцтэй байдаг.","Рибосом нь хромосомын бүтэцтэй биш, рибосомын РНХ болон уураг агуулсан органелл юм.",0
"Бактерийн плазмид нь их хэмжээтэй бөгөөд хромосомоос хамааралтай репликац явдаг.","Бактерийн плазмид нь жижиг бөгөөд хромосомоос хамааралгүй репликац явдаг.",0
"мРНХ-ийн дагуу рибосом дээр уураг нийлэгжинэ.","Рибосом дээр уураг нийлэгжих процесс мРНХ-ийн мэдээлэл дээр үндэслэнэ.",1
"Прокариот эс 30S ба 50S дэд нэгжvvдээс бїрддэг 70S рибосомтой.","Прокариотын эс нь 30S ба 50S дэд нэгжүүдээс бүрдэх 70S рибосомыг агуулдаг.",1
"30S нэгжийг 21 уураг, 16S рРНХ бvрдvvлэх бөгөөд дунджаар 1540 нуклеотид агуулна.","30S рибосомын нэгж нь 21 уураг болон 16S рРНХ-ээс бүрдэж, дунджаар 1540 нуклеотид агуулдаг.",1
"50S нэгжийн бїрдэлд ойролцоогоор 2900 нуклеотидтэй 34 орчим уураг, 23S рРНХ-тэй хэсэг, 120 орчим нуклеотидтэй 5S рРНХ ордог.","50S рибосомын нэгж нь ойролцоогоор 2900 нуклеотидтай 34 уураг, 23S рРНХ болон 120 нуклеотидтай 5S рРНХ агуулдаг.",1
"Эукариот эсийн 80S рибосомын уураг, РНХ болон бүтэц нь прокариот эсийн рибосомоос ялгаатай тул рибосомд нөлөөлдөг хими заслын бэлдмэлийг эмчилгээнд хэрэглэх үндэс болдог.","Эукариотын 80S рибосомын бүтэц болон уураг, РНХ нь прокариотын рибосомоос ялгаатай бөгөөд энэ ялгаа нь эмчилгээний хими бэлдмэлд нөлөөлдөг.",1
"Бодисын солилцооны уургууд рибосом дээр нийлэгжиж, эсийг бүтээгч макро нэгдлийг бий болгохын зэрэгцээ энергэ бий болгох үйл явцыг зохицуулдаг.","Бодисын солилцооны уургууд рибосом дээр нийлэгжиж, макро нэгдлүүдийг бий болгож, энергийг зохицуулдаг.",1
"Эритромицин, стрептомицин зэрэг антибиотекууд сонгомлоор 70S рибосомын хэлбэрийг өөрчлөх замаар бактерийн уургийн нийлэгжлийг дарангуйлна.","Эритромицин, стрептомицин зэрэг антибиотекүүд нь 70S рибосомын хэлбэрийг өөрчилж, бактерийн уургийн нийлэгжлийг дарангуйлах үйлдэлтэй байдаг.",1
"70S рибосом нь 30S ба 50S дэд нэгжүүдээс бүрдэх бөгөөд энэ нь еукариотын рибосомын 80S-с ялгаатай.","70S рибосом нь 30S ба 50S дэд нэгжүүдээс бүрддэг бөгөөд энэ нь 80S еукариот рибосомоос ялгаатай.",1
"Эукариотын 80S рибосом нь 70S рибосомоос ялгаатай бүтэцтэй байдаг.","70S рибосом нь эукариотын 80S рибосомоос ялгаатай бүтэцтэй байдаг.",1
"Рибосомын дэд нэгжийн хэмжээ нь уургийн нийлэгжих явцад нөлөөлдөггүй.","Рибосомын дэд нэгжийн хэмжээ нь уургийн нийлэгжих процесс дээр нөлөөлдөг.",0
"Рибосом нь зөвхөн прокариот эсүүдэд байдаг.","Рибосом нь прокариот болон еукариот эсүүдэд байдаг.",0
"Эритромицин нь 30S рибосомын дэд нэгжийг зорилтот болгож үйл ажиллагаа явуулдаг.","Эритромицин нь 70S рибосомын хэлбэрийг өөрчилж бактерийн уургийн нийлэгжлийг дарангуйлах үйлдэлтэй.",0
"Амьд эс энерги, эрчим үүсгэж, АТФ байдлаар хадгалан зарцуулж байдаг.","Амьд эсүүд АТФ-г үүсгэж хадгалан эрчим хүчийг зарцуулдаг.",1
"АТФ буюу энерги бий болох үндсэн 2 зам байна: субстрат фосфоржих, химиосмоз.","АТФ үүсэх үндсэн замууд нь субстрат фосфоржих ба химиосмоз юм.",1
"Цитоплазмд явагдаж байгаа урвалын дїнд энерги бий болохыг субстрат фосфоржин энерги үүсэх гэнэ.","Субстрат фосфоржих явцад цитоплазмд энерги үүсдэг.",1
"Химиосмозын їед мембран, мембрантай холбоот АТФаза шаардлагатай.","Химиосмозын явцад мембран ба АТФаза шаардлагатай байдаг.",1
"Мембранаар зааглагдсан орчинд протоны градиент үүсч, үүний улмаас бий болж хадгалагдсан энергийг зарцуулан АТФаза АДФ-ыг фосфоржуулдаг.","Протоны градиент үүсэж, АТФаза АДФ-ыг фосфоржуулан АТФ үүсгэдэг.",1
"Бактерийн цитоплазмын мембранд химиосмозын замаар энерги хувирах явц явагддаг.","Бактерийн цитоплазмын мембранаар химиосмозын замаар энерги хувирч байна.",1
"Бактерийн метаболизмын дүнд цитоплазмын мембраны гадна талд протон илvvтээ хуримтлагдаж, эсийн гадаад болон дотоод орчны хооронд протоны концентрацийн зөрvv үүсдэг.","Цитоплазмын мембраны гадна талд протон хуримтлагдаж, протоны концентраци үүсгэж байна.",1
"Спор үүсгэж амьд vлдэх Clostridium, Bacillus төрлийн бактер эндоспор үүсгэдэг.","Clostridium ба Bacillus төрлийн бактерууд эндоспор үүсгэн амьд үлддэг.",1
"Бактерийн өсөлт үржилд нөлөөлдөг дулаан, хүчилтөрөгч, тэжээлийн эх үүсвэр, чийглэг зэрэг хvчин зvйлvvд тохиромжгүй байгаа нөхцөлд бактерт спор үүсдэг.","Бактерийн өсөлт болон үржилд нөлөөлдөг нөхцөлүүд тохиромжгүй үед спор үүсдэг.",1
"Спор үүсэх явцад эндоспор бүрэлдэхэд хэд хэдэн давхарга бий болно, дипиколийн хүчил спорын тэсвэрт чанарыг бий болгоно.","Спор үүсэх явцад эндоспорын бүрэлдэхүүн давхарга, дипиколийн хүчил тэсвэртэй чанарыг нэмэгдүүлнэ.",1
"Бактерийн цитоплазмын мембран цүлхийж нугалаатан дотор мембраныг үүсгэнэ.","Цитоплазмын мембран цүлхийж, дотор мембраныг үүсгэдэг.",1
"Бактерийн хромосомын нэг хэсэг спор бүрэлдэх явцад тусгаарлагдаж, эндоспорын бүрэлдэхүүнд ордог.","Хромосомын нэг хэсэг спорын бүрэлдэхүүнд тусгаарлагдаж ордог.",1
"Бодисын хадгалалт ба шилжилтэд бактерийн эсд мембрант органелл байдаггүй тул бодисууд чөлөөтэй оршдог.","Бактерийн эсэнд мембрант органелл байдаггүй тул бодисууд чөлөөтэй оршдог.",1
"Бактерийн экзофермент гадаад орчинд ялгарч, том молекулт нэгдлүүдийг задлаж, цитоплазмын мембранаар шилжих боломжтой болгодог.","Экзофермент гадаад орчинд ялгарч, том молекулт нэгдлийг задлаж, мембранаар шилжих боломжийг олгодог.",1
"Олон бактер полифосфатыг органик бус фосфатын нөөц болгон хадгалж, АТФ-ын нийлэгжилтэнд зарцуулдаг.","Полифосфат нь АТФ нийлэгжилтэд органик бус фосфатын нөөц болгон хадгалагддаг.",1
"Фотосинтез явуулдаг бактер хүхрийн мөхлөгтэй.","Фотосинтез хийдэг бактерууд нь хүхрийн мөхлөгтэй байдаг.",1
"Бактерийн экзофермент нь дохионы дараалалгүйгээр ялгардаг.","Экзофермент нь дохионы дараалалтайгаар ялгардаг.",0
"Спор үүсгэх явцад эндоспорын давхаргын бүрэлдэхүүн нь дулаан тэсвэртэй чанаргүй байдаг.","Эндоспорын давхарга дулаан тэсвэртэй чанарыг бий болгодог.",0